{
  "states": [
    {
      "initial": true,
      "final": false,
      "name": "p"
    },
    {
      "initial": false,
      "final": false,
      "name": "q"
    },
    {
      "initial": false,
      "final": true,
      "name": "r"
    },

    {
      "initial": false,
      "final": false,
      "name": "s"
    }
  ],
  "transitions": [
    {
      "from": "p",
      "to": "q",
      "value": "0"
    },
    {
      "from": "q",
      "to": "r",
      "value": "1"
    },
    {
      "from": "r",
      "to": "s",
      "value": "0"
    },
    {
      "from": "s",
      "to": "p",
      "value": "1"
    }
  ]
}

