<?xml version="1.0" ?><list><filme.Film><titel>TitluFilm1</titel><erschienJahr>2000</erschienJahr><bewertung>8</bewertung><basisPreis>10.0</basisPreis><listeSchauspieler><string>Adi</string><string>Vasilica</string><null></null><null></null><null></null><null></null><null></null><null></null><null></null><null></null><null></null><null></null><null></null><null></null><null></null><null></null><null></null><null></null><null></null><null></null><null></null><null></null><null></null><null></null><null></null><null></null><null></null><null></null><null></null><null></null><null></null><null></null><null></null><null></null><null></null><null></null><null></null><null></null><null></null><null></null><null></null><null></null><null></null><null></null><null></null><null></null><null></null><null></null><null></null><null></null><null></null><null></null><null></null><null></null><null></null><null></null><null></null><null></null><null></null><null></null><null></null><null></null><null></null><null></null><null></null><null></null><null></null><null></null><null></null><null></null><null></null><null></null><null></null><null></null><null></null><null></null><null></null><null></null><null></null><null></null><null></null><null></null><null></null><null></null><null></null><null></null><null></null><null></null><null></null><null></null><null></null><null></null><null></null><null></null><null></null><null></null><null></null><null></null><null></null><null></null></listeSchauspieler></filme.Film><filme.Film><titel>TitluFilm2</titel><erschienJahr>2000</erschienJahr><bewertung>8</bewertung><basisPreis>10.0</basisPreis><listeSchauspieler reference="../../filme.Film/listeSchauspieler"></listeSchauspieler></filme.Film></list>